timestamp,message
2024-07-01 09:00:00,"I'm so excited about this new project!"
2024-07-01 09:15:00,"The initial meeting went well."
2024-07-01 10:00:00,"Feeling overwhelmed with tasks."
2024-07-01 12:00:00,"Lunch was great, but I'm worried about the deadline."
2024-07-01 14:00:00,"Making good progress, feeling optimistic!"
2024-07-01 16:00:00,"Hit a roadblock, feeling frustrated."
2024-07-01 18:00:00,"Finally resolved the issue, feeling relieved."
2024-07-02 08:00:00,"Starting the day with a positive mindset."
2024-07-02 09:30:00,"Received positive feedback from the client."
2024-07-02 11:00:00,"Feeling motivated to meet the project goals."
2024-07-02 13:00:00,"Experiencing some difficulties in coding."
2024-07-02 15:00:00,"Need more time to debug the code."
2024-07-02 17:00:00,"Managed to fix the bugs, feeling accomplished."
2024-07-03 08:30:00,"Feeling a bit stressed due to pending tasks."
2024-07-03 10:00:00,"Received assistance from a colleague."
2024-07-03 12:00:00,"Feeling grateful for the support."
2024-07-03 14:00:00,"Attending a team meeting to discuss progress."
2024-07-03 16:00:00,"Confident about meeting the project deadline."
2024-07-03 18:00:00,"Celebrating the successful completion of the project."
2024-07-04 09:00:00,"Starting a new project, feeling excited!"
2024-07-04 10:30:00,"Discussing project requirements with the team."
2024-07-04 12:00:00,"Encountering challenges in project planning."
2024-07-04 14:00:00,"Brainstorming solutions with team members."
2024-07-04 16:00:00,"Implementing new features, feeling productive."
2024-07-04 18:00:00,"Completed project milestones ahead of schedule."
2024-07-05 08:00:00,"Preparing project presentation for stakeholders."
2024-07-05 10:00:00,"Rehearsing presentation, feeling confident."
2024-07-05 12:00:00,"Presenting project outcomes to stakeholders."
2024-07-05 14:00:00,"Received positive feedback from stakeholders."
2024-07-05 16:00:00,"Celebrating successful project completion."
2024-07-05 18:00:00,"Reflecting on lessons learned from the project."
